3212085,Libro del desasosiego,Fernando Pessoa,"Pessoa, Fernando",Perfecto E. Cuadrado,"=""8415689489""","=""9788415689485""",5,4.41,Acantilado,Paperback,608,2013,1982,,2024/07/02,,,read,,,,1,0
338798,Ulysses,James Joyce,"Joyce, James","John M. Woolsey, Morris L. Ernst","=""""","=""""",0,3.75,Vintage,Paperback,925,1990,1922,,2024/07/02,,,read,,,,1,0
7144,Crime and Punishment,Fyodor Dostoevsky,"Dostoevsky, Fyodor","David McDuff, Joseph Frank","=""""","=""""",5,4.27,Penguin,Paperback,671,2002,1866,,2024/07/02,,,read,,,,1,0
195024,A Mathematician Reads the Newspaper,John Allen Paulos,"Paulos, John Allen",,"=""038548254X""","=""9780385482547""",0,3.59,Anchor,Paperback,224,1997,,,2024/07/02,science,science (#5),read,,,,1,0
3192527,inumerancy,John Allen Paulos,"Paulos, John Allen",,"=""""","=""""",4,3.78,,,240,2008,1988,,2011/04/06,science,science (#4),read,,,,1,0
271361,e: the Story of a Number,Eli Maor,"Maor, Eli",,"=""0691058547""","=""9780691058542""",5,3.94,Princeton University Press,Paperback,248,1998,1993,,2024/07/01,science,science (#3),read,,,,1,0
67450,Iacobus,Matilde Asensi,"Asensi, Matilde",,"=""8408068571""","=""9788408068570""",4,3.73,Editorial Planeta,Mass Market Paperback,384,2006,2000,,2020/01/07,,,read,,,,1,0
4457475,Matar y guardar la ropa,Carlos Salem,"Salem, Carlos",,"=""8493563595""","=""9788493563592""",4,3.74,Salto de Página,Paperback,248,2008,2008,,2024/07/02,,,read,,,,1,0
13497498,Un jamón calibre 45,Carlos Salem,"Salem, Carlos",,"=""8490061106""","=""9788490061107""",4,3.51,RBA,Paperback,300,2011,2011,,2024/07/02,,,read,,,,1,0
13404370,Pero sigo siendo el rey (Spanish Edition),Carlos Salem Sola,"Sola, Carlos Salem",,"=""8493635472""","=""9788493635473""",0,3.85,Salto de Página,Paperback,352,2009,2009,,2024/07/02,,,read,,,,1,0
35846731,Balada de Testaferro,Paul Medrano,"Medrano, Paul",,"=""""","=""""",4,3.67,Milvoces/Secretaría de Cultura,,110,2016,,,2024/07/02,,,read,,,,1,0
38227227,Vicio final,Paul Medrano,"Medrano, Paul",,"=""""","=""""",0,4.33,Editorial Praxis,,91,2015,,,2024/07/02,to-read,to-read (#59),to-read,,,,0,0
36638520,Nieve de mango,Paul Medrano,"Medrano, Paul",,"=""""","=""""",4,3.33,Editorial Praxis,,44,2017,,,2024/07/02,,,read,,,,1,0
42747665,Mentes maravillosas: Los matemáticos que cambiaron el mundo,Ian Stewart,"Stewart, Ian",Joan Lluís Riera,"=""8491990194""","=""9788491990192""",3,3.77,Crítica,Paperback,303,2018,2017,2019/07/10,2019/01/16,"science, biographies","science (#2), biographies (#2)",read,"Totalmente de acuerdo con la selección. Promete mucho la estructura de cada personaje, pero habiendo leído varios libros más de Stewart en su idioma original, no me puedo quitar la sensación de que la traducción no es la mejor y demerita la obra en varios momentos.",,,1,0
35167685,"""Surely You're Joking, Mr. Feynman!"": Adventures of a Curious Character",Richard P. Feynman,"Feynman, Richard P.",,"=""0393355624""","=""9780393355628""",5,4.27,W. W. Norton & Company,Paperback,400,2018,1985,,2024/07/01,"science, education, biographies","science (#1), education (#1), biographies (#1)",read,,,,1,0
15739492,El combate del siglo,Jack London,"London, Jack",Laura Salas,"=""8493856827""","=""9788493856823""",4,3.55,GalloNero Ediciones,Paperback,142,2011,1910,,2024/07/01,,,read,,,,1,0
43035,White Fang,Jack London,"London, Jack",K.A. Applegate,"=""""","=""""",0,4.02,Scholastic Paperbacks,Paperback,252,2001,1906,,2024/07/01,to-read,to-read (#58),to-read,,,,0,0
60869516,Into the Wild,Jon Krakauer,"Krakauer, Jon",,"=""""","=""""",0,4.01,Anchor,Kindle Edition,217,2015,1996,,2024/07/01,to-read,to-read (#57),to-read,,,,0,0
8344904,Divorcio en Buda,Sándor Márai,"Márai, Sándor",Judit Xantus Szarvas,"=""8478887040""","=""9788478887040""",0,3.83,Salamandra,Paperback,192,2006,1935,,2024/07/01,,,read,,,,1,0
86658,The Secret Agent,Joseph Conrad,"Conrad, Joseph",John Lyon,"=""0192801694""","=""9780192801692""",0,3.59,Oxford University Press,Paperback,304,2004,1907,,2024/07/01,to-read,to-read (#56),to-read,,,,0,0
4900,Heart of Darkness,Joseph Conrad,"Conrad, Joseph",,"=""1892295490""","=""9781892295491""",0,3.43,Green Integer,Paperback,188,2003,1899,,2024/07/01,to-read,to-read (#55),to-read,,,,0,0
2748,Microserfs,Douglas Coupland,"Coupland, Douglas",,"=""0060987049""","=""9780060987046""",0,3.89,Harper Perennial,Paperback,371,1995,1995,,2024/07/01,to-read,to-read (#54),to-read,,,,0,0
52834989,El rescate,Joseph Conrad,"Conrad, Joseph",David González,"=""8496831531""","=""9788496831537""",0,3.69,Montesinos,Paperback,368,2008,1920,,2024/07/01,to-read,to-read (#53),to-read,,,,0,0
195830934,América del Norte,Nicolás Medina Mora,"Mora, Nicolás Medina",,"=""1641295643""","=""9781641295642""",0,4.12,Soho Press,Hardcover,480,2024,2024,,2024/07/01,to-read,to-read (#52),to-read,,,,0,0
27220736,Shoe Dog: A Memoir by the Creator of Nike,Phil Knight,"Knight, Phil",,"=""1501135910""","=""9781501135910""",4,4.47,Scribner,Hardcover,400,2016,2016,,2024/07/01,,,read,,,,1,0
2296,"Emergence: The Connected Lives of Ants, Brains, Cities, and Software",Steven Johnson,"Johnson, Steven",,"=""0684868768""","=""9780684868769""",4,3.95,Scribner,Paperback,288,2002,2001,,2024/07/01,,,read,,,,1,0
46180,Julio Cortázar: Rayuela (Critical Guides to Spanish Texts),Robert Brody,"Brody, Robert",,"=""0729300145""","=""9780729300148""",5,4.38,Foyles,Paperback,85,1976,1976,,2024/07/01,,,read,,,,1,0
17406852,La muerte del padre,Karl Ove Knausgård,"Knausgård, Karl Ove","Kirsti Baggethun, Asunción Lorenzo","=""8433978446""","=""9788433978448""",0,4.09,Editorial Anagrama,Paperback,499,2015,2009,,2015/12/20,to-read,to-read (#51),to-read,,,,1,0
3840392,Maten al león,Jorge Ibargüengoitia,"Ibargüengoitia, Jorge",,"=""9682705193""","=""9789682705199""",0,4.13,Joaquín Mortiz,Paperback,187,1992,1969,,2024/07/01,to-read,to-read (#50),to-read,,,,0,0
86198,Los pasos de López,Jorge Ibargüengoitia,"Ibargüengoitia, Jorge",,"=""9682702542""","=""9789682702549""",5,4.03,Joaquín Mortiz,Paperback,172,1987,1982,,2024/07/01,,,read,,,,1,0
2814822,La ley de Herodes,Jorge Ibargüengoitia,"Ibargüengoitia, Jorge",,"=""9682710340""","=""9789682710346""",5,4.10,Booket,Paperback,154,2006,1967,,2024/07/01,,,read,,,,1,0
1660961,Los relámpagos de agosto,Jorge Ibargüengoitia,"Ibargüengoitia, Jorge",,"=""9682700086""","=""9789682700088""",5,3.94,Joaquín Mortiz,Paperback,147,1998,1964,,2024/07/01,,,read,,,,1,0
1660957,Las muertas,Jorge Ibargüengoitia,"Ibargüengoitia, Jorge",,"=""8425328187""","=""9788490061787""",5,4.15,RBA,Paperback,187,2012,1977,,2024/07/01,,,read,,,,1,0
2766862,Instrucciones para vivir en México,Jorge Ibargüengoitia,"Ibargüengoitia, Jorge",,"=""9682704057""","=""9789682704055""",5,4.13,Joaquín Mortiz,Paperback,295,1990,1990,,2024/07/01,,,read,,,,1,0
35265169,Carranza por Carranza,Eduardo Carranza,"Carranza, Eduardo",María Mercedes Carranza,"=""""","=""""",0,5.00,Procultura Editorial La Rosa,Hardcover,176,1985,,,2024/07/01,,,read,,,,1,0
70401,On the Road,Jack Kerouac,"Kerouac, Jack",,"=""0140042598""","=""9780140042597""",0,3.61,Penguin Books,Paperback,307,1976,1957,,2024/07/01,,,read,,,,1,0
2517879,Todas Las Fiestas De Mañana,Miguel  Cane,"Cane, Miguel",Rosa Montero,"=""9707102527""","=""9789707102521""",4,4.04,Ediciones B,Paperback,214,2007,2007,,2024/07/01,,,read,,,,1,0
57401,Don Quijote de la Mancha,Miguel de Cervantes Saavedra,"Saavedra, Miguel de Cervantes",Real Academia Española,"=""8420467286""","=""9788420467283""",0,3.90,Alfaguara,Hardcover,1249,2004,1605,,2024/07/01,,,read,,,,1,0
202319203,No matarás (Spanish Edition),Ana Sofía González,"González, Ana Sofía",,"=""6073839472""","=""9786073839471""",0,4.11,ALFAGUARA,Kindle Edition,312,2023,,,2024/07/01,to-read,to-read (#49),to-read,,,,0,0
17565948,Lo que no tiene nombre,Piedad Bonnett,"Bonnett, Piedad",,"=""958758533X""","=""9789587585339""",5,4.61,"Alfaguara, S.A.",Paperback,130,2013,2013,,2024/07/01,,,read,,,,1,0
59430811,Últimos días en Berlín,Paloma Sánchez-Garnica,"Sánchez-Garnica, Paloma",,"=""8408249851""","=""9788408249856""",0,4.46,Planeta,Hardcover,648,2021,2021,,2024/07/01,to-read,to-read (#48),to-read,,,,0,0
128717,Endurance,Frank A. Worsley,"Worsley, Frank A.",Patrick O'Brian,"=""0393319946""","=""9780393319941""",0,4.47,W. W. Norton  Company,Paperback,336,2000,1931,,2024/07/01,to-read,to-read (#47),to-read,,,,0,0
23370707,Cien años de soledad (Spanish Edition),Gabriel García Márquez,"Márquez, Gabriel García",,"=""""","=""""",0,4.11,VINTAGE ESPAÑOL,Kindle Edition,271,2014,1967,,2024/07/01,,,read,,,,1,0
8958575,"Inés y la alegría (Episodios de una guerra interminable, #1)",Almudena Grandes,"Grandes, Almudena",,"=""8483832534""","=""9788483832530""",0,4.27,Tusquets,Paperback,729,2010,2010,,2024/07/01,to-read,to-read (#46),to-read,,,,0,0
42104852,Cosas que te pasan en Barcelona cuando tienes 30 años (Spanish Edition),Llucia Ramis,"Ramis, Llucia","Marina Gómez, Jenn Díaz","=""8494893602""","=""9788494893605""",0,3.32,Editorial Barrett,Kindle Edition,221,2018,2008,,2024/07/01,,,read,,,,1,0
1816113,La vorágine,José Eustasio Rivera,"Rivera, José Eustasio",Montserrat Ordóñez,"=""8437609356""","=""9788437609355""",5,3.75,Cátedra,Paperback,390,2003,1924,,2024/07/01,,,read,,,,1,0
60293672,El peligro de estar cuerda,Rosa Montero,"Montero, Rosa",,"=""8432240648""","=""9788432240645""",0,4.13,Seix Barral,Paperback,360,2022,2022,,2024/07/01,to-read,to-read (#45),to-read,,,,0,0
3393242,Nada que ver (Biblioteca Era) (Spanish Edition),Jorge Dorantes,"Dorantes, Jorge",,"=""968411513X""","=""9789684115132""",0,3.83,Ediciones Era,Paperback,128,2001,2001,,2024/05/20,to-read,to-read (#44),to-read,,,,0,0
10777282,El ruletista,Mircea Cărtărescu,"Cărtărescu, Mircea",Marian Ochoa de Eribe,"=""""","=""""",0,4.23,Impedimenta,Paperback,64,2012,2011,,2024/05/15,to-read,to-read (#43),to-read,,,,0,0
1898,Into Thin Air: A Personal Account of the Mt. Everest Disaster,Jon Krakauer,"Krakauer, Jon",,"=""""","=""""",5,4.24,Anchor Books,Paperback,368,1999,1997,,2024/05/12,hardcover,hardcover (#4),read,,,,1,0
172870189,La sinfonía de Julia,Mercedes Guerrero,"Guerrero, Mercedes",,"=""8425365678""","=""9788425365676""",0,4.55,Grijalbo,Hardcover,512,2024,,,2024/04/18,"currently-reading, kindle","currently-reading (#19), kindle (#7)",currently-reading,,,,1,0
42069120,Un caballero en Moscú,Amor Towles,"Towles, Amor",Gemma Rovira Ortega,"=""8498388988""","=""9788498388985""",4,4.33,Salamandra,Paperback,509,2018,2016,2024/04/15,2024/01/10,hardcover,hardcover (#3),read,El gozo que es la prosa ligera de quien se toma la escritura en serio.,,,1,0
13506208,Los reconocimientos,William Gaddis,"Gaddis, William",Juan Antonio Santos,"=""8420424420""","=""9788420424422""",0,4.20,Alfaguara,Paperback,1096,1987,1955,,2015/05/20,to-read,to-read (#15),to-read,,,,0,0
78295218,Los que regresan (Alberca Vacía nº 1) (Spanish Edition),Javier Peñalosa,"Peñalosa, Javier",,"=""""","=""""",4,4.00,Ediciones Antílope,Kindle Edition,0,2021,,,2024/03/12,,,read,,,,1,0
59708201,"El libro negro de las horas (Kraken, #1)",Eva García Sáenz de Urturi,"Urturi, Eva García Sáenz de",,"=""8408252852""","=""9788408252856""",0,4.04,Planeta,Hardcover,384,2022,2022,,2024/02/07,to-read,to-read (#42),to-read,,,,0,0
215790,Nieve,Orhan Pamuk,"Pamuk, Orhan",,"=""9707701595""","=""9789707701595""",0,3.61,Alfaguara,Paperback,498,2006,2002,,2024/01/14,to-read,to-read (#41),to-read,,,,0,0
343,Perfume: The Story of a Murderer,Patrick Süskind,"Süskind, Patrick",John E. Woods,"=""0140120831""","=""9780140120837""",5,4.04,Penguin Books,Paperback,263,1987,1985,2015/02/03,2024/01/14,,,read,,,,1,0
7244748,La paloma,Patrick Süskind,"Süskind, Patrick",,"=""9686005250""","=""9789686005257""",0,3.71,Seix Barral,Paperback,126,2003,1987,,2024/01/14,to-read,to-read (#40),to-read,,,,0,0
175969491,El problema final,Arturo Pérez-Reverte,"Pérez-Reverte, Arturo",,"=""1644739089""","=""9781644739082""",4,3.68,Alfaguara,Paperback,328,2023,2023,,2023/12/23,,,read,Un grato homenaje a Conan Doyle a modo de novela de Agatha Christie. Más o menos.,,,1,0
146528,A Tale of the Dispossessed,Laura Restrepo,"Restrepo, Laura",Dolores M. Koch,"=""006072370X""","=""9780060723705""",3,3.78,Harper Perennial,Paperback,224,2004,2001,2010/11/14,2011/04/15,,,read,,,,1,0
18909379,Atlas de islas remotas,Judith Schalansky,"Schalansky, Judith",,"=""8494169076""","=""9788494169076""",0,4.23,Nórdica Libros,Hardcover,150,2013,2009,,2023/09/03,to-read,to-read (#39),to-read,,,,0,0
63208866,Dieciséis notas: La pasión oculta de Johann Sebastian Bach,Risto Mejide,"Mejide, Risto",,"=""8425364620""","=""9788425364624""",3,3.58,Grijalbo,Paperback,352,2023,,2023/09/03,2023/08/06,hardcover,hardcover (#2),read,"Para mí, está entre 3 y 4 estrellas. Es una buena lectura alrededor de una vida novelizada de Bach y un par de eventos históricos alrededor de su obra. El mismo autor aclara que algunos hechos sucedieron de forma diferente a como lo cuenta. Al final me voy por tres estrellas por la sencilla razón de que el libro no busca nada (o si hay algo que busca, no lo encuentra).<br/><br/>La lectura es llevadera y agradable, aunque algunos saltos de épocas y un par de personajes secundarios más de los necesarios hacen que en ocasiones uno tenga que buscar la referencia de la fecha o el nombre.<br/><br/>El hilo musical (en el título de cada capítulo) hace que el acompañamiento (a cargo del lector) sea una experiencia muy completa.",,,1,0
7826309,El asedio,Arturo Pérez-Reverte,"Pérez-Reverte, Arturo",,"=""8420405558""","=""9788420405551""",3,3.59,Alfaguara,Paperback,736,2010,2010,2023/08/30,2012/02/15,,,read,,,,1,0
60458546,Mejor no te lo creas,Jordi  Cruz,"Cruz, Jordi",,"=""8401027195""","=""9788401027192""",0,3.67,Plaza & Janes,Paperback,256,2022,,,2023/08/30,to-read,to-read (#38),to-read,,,,0,0
43261065,The Lion Tracker's Guide To Life,Boyd Varty,"Varty, Boyd",,"=""0358099773""","=""9780358099772""",0,4.32,HarperOne,Hardcover,160,2019,2014,2023/08/30,2022/09/10,,,read,,,,1,0
139069,Endurance: Shackleton's Incredible Voyage,Alfred Lansing,"Lansing, Alfred",,"=""""","=""""",0,4.44,Carroll & Graf Publishers,Hardcover,282,1999,1959,,2023/02/02,to-read,to-read (#37),to-read,,,,0,0
57357992,Rebelión de los oficios inutiles,Daniel Ferreira,"Ferreira, Daniel",,"=""9585118475""","=""9789585118478""",0,4.24,ALFAGUARA,Kindle Edition,249,2020,2014,,2022/09/07,to-read,to-read (#33),to-read,,,,0,0
52049847,The Meaning of Travel: Philosophers Abroad,Emily Thomas,"Thomas, Emily",,"=""019883540X""","=""9780198835400""",0,3.50,"Oxford University Press, USA",Hardcover,256,2020,2020,,2022/12/20,to-read,to-read (#36),to-read,,,,0,0
61433422,Revolución: Una novela,Arturo Pérez-Reverte,"Pérez-Reverte, Arturo",,"=""8420461474""","=""9788420461472""",3,4.18,Alfaguara,Kindle Edition,436,2022,2022,2022/12/19,2022/12/20,,,read,,,,1,0
52931168,Sidi,Arturo Pérez-Reverte,"Pérez-Reverte, Arturo",,"=""8420435473""","=""9788420435473""",5,3.99,Alfaguara,Hardcover,376,2019,2019,2019/12/12,2022/11/29,,,read,,,,2,0
54898389,The Almanack of Naval Ravikant: A Guide to Wealth and Happiness,Eric Jorgenson,"Jorgenson, Eric",,"=""""","=""9781544514208""",0,4.45,Magrathea Publishing,Kindle Edition,244,2020,2020,,2022/09/21,to-read,to-read (#35),to-read,,,,0,0
6651420,Zen y el arte del mantenimiento de la motocicleta,Robert M. Pirsig,"Pirsig, Robert M.",,"=""8496867528""","=""9788496867529""",0,3.78,Independent Publ. Group,Paperback,480,2012,1974,,2022/09/20,to-read,to-read (#34),to-read,,,,0,0
13974851,La tabla esmeralda,Carla Montero,"Montero, Carla",,"=""8401353106""","=""9788401353109""",3,4.10,Plaza y Janes,Hardcover,722,2012,2012,,2022/09/07,kindle,kindle (#6),read,"Siempre es rico adentrarse en un libro bien versado en arte y que te pasee por los pasillos de museos y salas llenas de cuadros, pero en pocas palabras allí termina el gozo. La prosa es buena pero la trama está llena de lugares comunes y buena parte del final se puede entreleer desde la mitad del libro.",,,2,0
56031809,Volver la vista atrás,Juan Gabriel Vásquez,"Vásquez, Juan Gabriel",,"=""""","=""9789585118379""",0,4.37,Alfaguara,Paperback,475,2020,2020,,2022/09/07,to-read,to-read (#32),to-read,,,,0,0
40886784,Aquellas horas que nos robaron: El desafío de Gilberto Bosques (Spanish Edition),Mónica Castellanos,"Castellanos, Mónica",,"=""6073171161""","=""9786073171168""",0,4.11,GRIJALBO,Kindle Edition,398,2018,,,2022/09/07,to-read,to-read (#31),to-read,,,,0,0
41552709,The Uninhabitable Earth: Life After Warming,David Wallace-Wells,"Wallace-Wells, David",,"=""0525576703""","=""9780525576709""",0,4.01,Tim Duggan Books,Hardcover,310,2019,2019,,2022/05/13,to-read,to-read (#30),to-read,,,,0,0
40232020,El niño que fuimos,Alma Delia Murillo,"Murillo, Alma Delia",,"=""""","=""9786073164471""",5,3.87,Alfaguara,Kindle Edition,176,2018,,2019/02/19,2018/06/17,,,read,,,,1,0
59747973,Las Cicadas,Yael Weiss,"Weiss, Yael",,"=""6078749242""","=""9786078749249""",0,3.83,Elefanta editorial,Paperback,0,2022,,,2021/12/20,to-read,to-read (#29),to-read,,,,0,0
56712924,Klara y el Sol,Kazuo Ishiguro,"Ishiguro, Kazuo",Mauricio Bach,"=""8433980874""","=""9788433980878""",0,3.75,Anagrama,Paperback,334,2021,2021,,2021/12/20,to-read,to-read (#28),to-read,,,,0,0
58355594,El italiano,Arturo Pérez-Reverte,"Pérez-Reverte, Arturo",,"=""8420460508""","=""9788420460505""",4,4.08,ALFAGUARA,Kindle Edition,400,2021,2021,2021/12/21,2021/12/20,,,read,,,,1,0
38644412,Los divinos,Laura Restrepo,"Restrepo, Laura",,"=""1947783556""","=""9781947783553""",0,3.79,Alfaguara,Paperback,256,2018,2018,,2021/09/14,currently-reading,currently-reading (#18),currently-reading,,,,1,0
1089597,La sangre de los inocentes,Julia Navarro,"Navarro, Julia",,"=""0307391787""","=""9780307391780""",2,4.02,Plaza y Janes,Paperback,780,2007,2007,2021/07/16,2021/07/16,,,read,Innecesariamente largo. Demasiados personajes secundarios sin aporte a la historia.,,,1,0
53430427,El ángel de Múnich,Fabiano Massimi,"Massimi, Fabiano",Francisco Javier González Rovira,"=""842045429X""","=""9788420454290""",3,3.99,Alfaguara,Paperback,515,2020,2020,2021/02/04,2021/01/27,,,read,Entretiene. En general bien escrito. Algo predecible.,,,1,0
771941,Delirio,Laura Restrepo,"Restrepo, Laura",,"=""9587041453""","=""9789587041453""",4,3.94,"Alfaguara, S.A. Grupo Santillana,",Mass Market Paperback,344,2004,2004,,2021/01/27,,,read,,,,1,0
36261368,No fotografíes soldados llorando (Spanish Edition),Jordi Sierra i Fabra,"Fabra, Jordi Sierra i",,"=""1477818391""","=""9781477818398""",3,3.78,Amazon Publishing,Paperback,222,2017,,,2020/08/07,,,read,,,,1,0
34847511,Temporada de huracanes,Fernanda Melchor,"Melchor, Fernanda",,"=""6073152736""","=""9786073152730""",0,4.07,Penguin Random House Grupo Editorial,Paperback,224,2017,2017,,2021/01/27,currently-reading,currently-reading (#17),currently-reading,,,,1,0
146509,El síndrome de Ulises,Santiago Gamboa,"Gamboa, Santiago",,"=""9584211900""","=""9789584211903""",5,4.18,Editorial Planeta,Paperback,365,2005,2005,,2011/04/06,,,read,"Excelente narrativa de un sudamericano en Europa, con mucho de lo mejor de ambos mundos.<br/><br/>Aunque es la segunda parte de una novela autobiográfica, no encuentro mayor problema en leerlo antes que ""Vida feliz de un joven llamado Esteban"", si es que se llegara a leer.<br/><br/>Por cierto, una de mis portadas de libros favoritas:<br/><br/><img src=""http://b3co.com/biblioteca/images/3868F634-4A4D-4043-850E-C78172238ABF-256.png"">",,,1,0
6745991,El Sanador de Caballos,Gonzalo Giner,"Giner, Gonzalo",,"=""8484607070""","=""9788484607076""",4,4.25,Temas de Hoy,Hardcover,800,2008,2008,2020/07/12,2020/07/04,,,read,"Lectura fácil y bien construida.<br/><br/>La historia es buena, es fácil de seguir, lectura ligera,  bien construida con investigación histórica y técnica muy bien hecha. Tiene algunas escenas medio difíciles de creer, pero al final no afectan el resultado, con un final no necesariamente sorprendente. El viaje al que lleva al lector, por la conflictiva península ibérica del siglo XII está realmente bien construido.",,,1,0
19548226,La historia de mis dientes,Valeria Luiselli,"Luiselli, Valeria",,"=""""","=""9786077781615""",0,3.48,Sexto Piso,Paperback,154,2020,2013,,2020/07/10,to-read,to-read (#27),to-read,,,,0,0
29480081,Fachadas Bogotanas,Lizeth León Borja,"Borja, Lizeth León",,"=""""","=""9789584675439""",4,3.59,Ediciones Milserifas,,,2015,,,2018/07/02,,,read,"Belleza de ilustraciones, belleza de objeto, le falta un poco al texto…",,,1,0
53037348,Será larga la noche,Santiago Gamboa,"Gamboa, Santiago",,"=""9585496712""","=""9789585496712""",5,3.80,ALFAGUARA,Kindle Edition,424,2019,2019,2019/11/15,2019/11/12,,,read,,,,1,0
3993268,Pizzería Kamikaze y otros relatos,Etgar Keret,"Keret, Etgar",,"=""8498411947""","=""9788498411942""",4,3.96,Siruela,Paperback,123,2008,2001,2011/11/01,2011/10/27,,,read,,,,1,0
1785896,"El Último Catón (Catón, #1)",Matilde Asensi,"Asensi, Matilde",,"=""8497598032""","=""9788497598033""",3,3.93,DeBolsillo,Paperback,631,2003,2001,2020/01/07,2020/01/02,,,read,,,,1,0
6404125,La soledad de los números primos,Paolo Giordano,"Giordano, Paolo",,"=""""","=""9788498382051""",4,3.64,Salamandra,Paperback,288,2009,2008,2020/01/02,2011/04/06,,,read,,,,1,0
890680,Érase una vez el amor pero tuve que matarlo. Música de Sex Pistols y Nirvana,Efraim Medina Reyes,"Reyes, Efraim Medina",,"=""8423336603""","=""9788423336609""",0,3.62,Ediciones Destino,Paperback,220,2004,2002,,2019/11/13,to-read,to-read (#26),to-read,,,,0,0
46121368,Espía y traidor: La mayor historia de espionaje de la Guerra Fría (Tiempo de Historia) (Spanish Edition),Ben Macintyre,"Macintyre, Ben",Efrén del Valle,"=""8491991301""","=""9788491991304""",0,4.51,Editorial Crítica,Kindle Edition,596,2019,2018,,2019/06/25,to-read,to-read (#25),to-read,,,,0,0
35959740,Circe,Madeline Miller,"Miller, Madeline",,"=""0316556343""","=""9780316556347""",0,4.23,"Little, Brown and Company",Hardcover,393,2018,2018,,2019/01/16,currently-reading,currently-reading (#16),currently-reading,,,,1,0
1173855,Veinticuatro horas en la vida de una mujer,Stefan Zweig,"Zweig, Stefan",María Daniela Landa,"=""8495359391""","=""9788495359391""",4,3.91,Acantilado,Paperback,104,2001,1927,2019/06/18,2019/02/19,,,read,,,,1,0
42424459,Lluvia,Karina Pacheco Medrano,"Medrano, Karina Pacheco",,"=""""","=""9786124379130""",4,3.60,Editorial Planeta Peru S.A.,Paperback,112,2018,,2019/06/12,2019/06/18,,,read,,,,1,0
27843845,La forma de las ruinas,Juan Gabriel Vásquez,"Vásquez, Juan Gabriel",,"=""9588883946""","=""9789588883946""",0,3.96,Alfaguara,Paperback,560,2015,2015,,2016/01/12,currently-reading,currently-reading (#11),currently-reading,,,,1,0
18050082,"Dispara, yo ya estoy muerto",Julia Navarro,"Navarro, Julia",,"=""0345805267""","=""9780345805263""",2,4.35,Vintage Espanol,Paperback,912,2013,2013,2019/01/16,2018/01/24,,,read,,,,1,0
30062510,El Expreso del Sol,Tomás González,"González, Tomás",,"=""9584250132""","=""9789584250131""",4,3.87,Seix Barral,Hardcover,172,2016,,2018/08/08,2018/07/02,,,read,,,,1,0
24935526,Camino de ida,Carlos Salem,"Salem, Carlos",,"=""8416259011""","=""9788416259014""",4,3.54,Navona Negra,Paperback,256,2014,2007,2016/03/22,2016/02/04,,,read,,,,1,0
34731718,Criacuervo,Orlando Echeverri Benedetti,"Benedetti, Orlando Echeverri",,"=""9585965267""","=""9789585965263""",4,4.13,Angosta Editores,Paperback,211,2017,,2018/07/17,2018/07/02,,,read,,,,1,0
38885118,Cómo contar hasta el infinito,Marcus du Sautoy,"Sautoy, Marcus du",Pablo Álvarez Ellacuría,"=""841705958X""","=""9788417059583""",0,3.60,Blackie Books,Hardcover,69,2018,,,2018/07/12,to-read,to-read (#24),to-read,,,,0,0
1365225,Las batallas en el desierto,José Emilio Pacheco,"Pacheco, José Emilio",,"=""9684114737""","=""9789684114739""",0,4.13,Editorial Era,Paperback,72,2005,1981,,2018/07/02,,,read,,,,1,0
28922720,La llamada de lo salvaje,Jack London,"London, Jack","Javier Olivares, Héctor Arnau","=""""","=""9788416440481""",5,3.90,Nórdica ,Paperback,176,2016,1903,2018/05/22,2018/02/06,,,read,,,,1,0
2151439,La herencia de Eszter,Sándor Márai,"Márai, Sándor",,"=""8495971704""","=""9788495971708""",0,3.71,Quinteto,Paperback,189,2003,1939,,2018/05/23,to-read,to-read (#23),to-read,,,,0,0
6088256,Las teorías salvajes,Pola Oloixarac,"Oloixarac, Pola",,"=""9872479704""","=""9789872479701""",4,2.88,Editorial Entropía,Paperback,252,2008,2008,,2011/05/14,,,read,,,,1,0
12235327,El año de la plaga,Marc Pastor,"Pastor, Marc",Marta Alcaraz,"=""""","=""9788498678437""",4,3.69,RBA,Paperback,382,2010,2010,2018/02/14,2018/01/24,,,read,,,,1,0
35832083,"Eva (Falcó, #2)",Arturo Pérez-Reverte,"Pérez-Reverte, Arturo",,"=""8420432660""","=""9788420432663""",4,3.85,Alfaguara,ebook,400,2017,2017,2018/01/17,2018/01/13,,,read,,,,1,0
12794631,La luz difícil,Tomás González,"González, Tomás",,"=""9587582535""","=""9789587582536""",5,4.10,Alfaguara,Paperback,137,2011,2008,2017/11/07,2017/10/29,kindle,kindle (#5),read,,,,1,0
32996314,Las mutaciones,Jorge Comensal,"Comensal, Jorge",,"=""6079707020""","=""9786079707026""",4,3.84,Ediciones Antílope,Paperback,208,2016,2016,2017/11/27,2017/08/20,,,read,,,,1,0
17841510,La mano de la buena fortuna,Goran Petrović,"Petrović, Goran",,"=""607778141X""","=""9786077781417""",0,4.26,Sexto Piso Editorial,Paperback,296,2012,2000,,2017/11/08,currently-reading,currently-reading (#15),currently-reading,,,,1,0
10314376,The Prague Cemetery,Umberto Eco,"Eco, Umberto",Richard Dixon,"=""0547577532""","=""9780547577531""",0,3.50,Houghton Mifflin Harcourt,Hardcover,445,2011,2010,,2017/11/08,to-read,to-read (#22),to-read,,,,0,0
22393005,"Bitcoin 101: The Ultimate Guide to Bitcoin for Beginners: Bitcoin Market, Cryptocurrency and Bitcoin Basics",Mike Fishbein,"Fishbein, Mike",,"=""""","=""""",2,2.64,,Kindle Edition,51,2014,2014,2017/11/08,2017/11/08,,,read,,,,2,0
33967283,La Esposa joven,Alessandro Baricco,"Baricco, Alessandro",Xavier González Rovira,"=""6078513117""","=""9786078513116""",3,3.49,Anagrama,Paperback,200,2016,2015,,2017/05/21,,,read,,,,1,0
12402748,"Los barcos se pierden en tierra: Textos y artículos sobre barcos, mares y marinos (1994-2012)",Arturo Pérez-Reverte,"Pérez-Reverte, Arturo",Jacinto Antón,"=""842047505X""","=""9788420475059""",4,3.90,Alfaguara,,376,2011,2011,2017/08/20,2017/05/21,,,read,,,,1,0
10435551,Riña de gatos: Madrid 1936,Eduardo Mendoza,"Mendoza, Eduardo",,"=""8408097253""","=""9788408097259""",3,3.53,Editorial Planeta,Hardcover,432,2010,2010,2015/07/21,2012/09/24,,,read,,,,1,0
31941619,Falcó,Arturo Pérez-Reverte,"Pérez-Reverte, Arturo",,"=""8420428949""","=""9788420428949""",3,3.75,Alfaguara,ebook,296,2016,2016,2017/02/06,2017/02/06,kindle,kindle (#4),read,,,,1,0
23279145,El robo de la Mona Lisa. Lo que el arte nos impide ver,Darian Leader,"Leader, Darian",Elisa Corona Aguilar,"=""8415601646""","=""9788415601647""",0,3.75,Sexto Piso,Paperback,192,2014,2002,,2017/02/05,currently-reading,currently-reading (#14),currently-reading,,,,1,0
5968482,La sombra del viento,Carlos Ruiz Zafón,"Zafón, Carlos Ruiz",,"=""0307472590""","=""9780307472595""",4,4.30,Vintage Espanol,Paperback,569,2009,2005,,2015/09/07,,,read,,,,1,0
96037,Malena es un nombre de tango,Almudena Grandes,"Grandes, Almudena",,"=""8422653079""","=""9788422653073""",0,4.03,Círculo de Lectores,Hardcover,636,1995,1994,,2016/08/07,to-read,to-read (#21),to-read,,,,0,0
6072514,Historia secreta de Costaguana (HISPANICA) (Spanish Edition),Juan Gabriel Vásquez,"Vásquez, Juan Gabriel",,"=""8420471283""","=""9788420471280""",0,3.70,ALFAGUARA,Hardcover,296,2007,2007,,2016/05/13,currently-reading,currently-reading (#13),currently-reading,,,,1,0
342349,Le Corbusier's Hands,André Wogenscky,"Wogenscky, André",Martina Milla Bernad,"=""0262232448""","=""9780262232449""",0,3.69,The MIT Press,Hardcover,96,2006,2006,,2016/04/04,currently-reading,currently-reading (#12),currently-reading,,,,1,0
26113576,"Lo que no te mata te hace más fuerte (Millennium, #4)",David Lagercrantz,"Lagercrantz, David",Stieg Larsson,"=""607072948X""","=""9786070729485""",4,3.80,Planeta Publishing,Paperback,656,2015,2015,2016/01/08,2015/12/26,,,read,,,,1,0
941079,El cazador de barcos,Justin Scott,"Scott, Justin",,"=""8426131484""","=""9788426131485""",0,3.87,Plaza & Janés,Paperback,468,2000,1978,,2014/06/18,,,read,,,,1,0
24854626,París D.F.,Roberto Wong,"Wong, Roberto",,"=""9688678473""","=""9789688678473""",4,3.27,Galaxia Gutenberg,Paperback,200,2015,2015,2015/03/09,2015/02/26,,,read,"Es simpático encontrar tanto aire fresco entre las líneas de una asfixiante obsesión, en el hecho de aceptar que algún sueño —grande, importante— jamás será alcanzado.<br/><br/>Ésta no es una historia de boy-meets-girl. O bueno, aunque un poco, no va por allí.<br/><br/>Lejos de la abundancia reciente de historias trazadas linealmente, en donde uno o dos narradores convergen en intensión, gustos o paradigmas; un final feliz —o no— pero contundente, donde el protagonista se redime al final de su propia historia en un desenlace bueno o malo, pero siempre claro. Acá no.<br/><br/> Acá la historia es un debraye que nada ni a nadie redime.",true,,1,0
6606238,El juego favorito,Leonard Cohen,"Cohen, Leonard",Agustín Pico,"=""9876280511""","=""9789876280518""",0,3.82,Edhasa,Paperback,264,2009,1963,,2013/02/07,currently-reading,currently-reading (#2),currently-reading,,,,1,0
16124648,Mis mujeres muertas,Guillermo Fadanelli,"Fadanelli, Guillermo",,"=""6073111452""","=""9786073111454""",0,3.76,Gijalbo,Paperback,210,2012,2012,,2013/10/15,to-read,to-read (#20),to-read,,,,0,0
270393,Where I Live Now: Stories 1993-1998,Lucia Berlin,"Berlin, Lucia",,"=""1574230913""","=""9781574230918""",4,4.47,Black Sparrow Press,Paperback,240,2017,1999,2015/12/20,2015/03/09,,,read,,,,1,0
6826931,El último encuentro,Sándor Márai,"Márai, Sándor",,"=""""","=""""",5,3.98,Salamandra,Paperback,,2009,1942,2010/11/07,2011/04/18,,,read,,,,1,0
17835606,Las reputaciones,Juan Gabriel Vásquez,"Vásquez, Juan Gabriel",,"=""9587585240""","=""9789587585247""",4,3.71,Alfaguara Colombia,Paperback,141,2013,2013,2015/06/21,2015/06/12,,,read,La sencillez de la narrativa en este libro es brutal.,,,1,0
4771923,Justos Por Pecadores,Fernando Quiroz,"Quiroz, Fernando",,"=""8408082264""","=""9788408082262""",4,3.56,"Editorial Planeta, S.A.",Paperback,222,2008,2008,,2015/09/07,,,read,,,,1,0
1493343,La pregunta de sus ojos,Eduardo Sacheri,"Sacheri, Eduardo",,"=""9505564783""","=""9789505564781""",0,4.01,Galerna,Paperback,296,2005,2005,,2015/08/21,to-read,to-read (#19),to-read,,,,0,0
22892335,Room Service. La escandalosa vida de las estrellas de rock,Sergio Marchi,"Marchi, Sergio",,"=""""","=""9789504939108""",0,3.79,Planeta Argentina,Paperback,448,2014,2014,,2015/08/21,to-read,to-read (#18),to-read,,,,0,0
78264,La escritura o la vida,Jorge Semprún,"Semprún, Jorge",,"=""8483105187""","=""9788483105184""",0,4.17,Maxi-Tusquets,Mass Market Paperback,336,1997,1994,,2015/07/29,to-read,to-read (#17),to-read,,,,0,0
69252,Depths,Henning Mankell,"Mankell, Henning",,"=""1595580891""","=""9781595580894""",2,3.40,The New Press,Hardcover,416,2007,2004,2015/07/21,2013/01/11,,,read,"De mar y mapas (cartas), casi no puedo pedir más. <br/><br/>Aunque la traducción me ha dado un par de sustos.<br/><br/>Ir y venir con la misma historia, mucha indecisión en el personaje, en la historia y creo que hasta en la pluma.",,,1,1
24798977,Hombres buenos,Arturo Pérez-Reverte,"Pérez-Reverte, Arturo",,"=""8420403245""","=""9788420403243""",0,3.91,Alfaguara,Hardcover,583,2015,2015,,2015/05/21,currently-reading,currently-reading (#10),currently-reading,,,,1,0
18007564,The Martian,Andy Weir,"Weir, Andy",,"=""0804139024""","=""9780804139021""",0,4.42,Ballantine Books,Hardcover,384,2014,2011,,2015/06/12,to-read,to-read (#16),to-read,,,,0,0
16069329,Hablar solos,Andrés Neuman,"Neuman, Andrés",,"=""9870425836""","=""9789870425830""",4,3.91,Alfaguara,Paperback,192,2012,2012,2013/04/17,2013/04/17,,,read,"Gran relato a tres voces bien logradas. El personaje de Elena es por mucho el mejor y más profundo. A través de ella explora sin tapaduras toda la gama de sentimientos que son el eje de la novela: la muerte, la ausencia que será.",,,1,0
15765619,On the Map: A Mind-Expanding Exploration of the Way the World Looks,Simon Garfield,"Garfield, Simon",Dava Sobel,"=""159240779X""","=""9781592407798""",0,3.68,Gotham,Hardcover,464,2012,2012,,2015/04/10,currently-reading,currently-reading (#9),currently-reading,,,,1,0
18642372,El francotirador paciente,Arturo Pérez-Reverte,"Pérez-Reverte, Arturo",,"=""1622633520""","=""9781622633524""",2,3.27,Alfaguara,Paperback,302,2008,2008,2014/07/29,2014/07/30,,,read,Creo que esperaba más. Sumerge en un mundo tan ajeno pero interesante. Donde lo que valen son sólo lealtades y logros.<br/><br/>Pero… se queda corto. <i>Bigote Rubio</i> y su pareja son poco verosímiles y creo que mal soportados. Deja escapar varias líneas de historia que hubieran crecido mucho el resultado. Muy <b>mi</b> opinión.,,,1,0
23379967,Milena o el fémur más bello del mundo,Jorge Zepeda Patterson,"Patterson, Jorge Zepeda",,"=""8408134051""","=""9788408134053""",3,3.80,Planeta,Paperback,480,2014,2014,2015/05/21,2015/04/23,,,read,"La historia es buena, bien contada y el tema central (la trata de blancas) bien llevado. El ritmo es contínuo.<br/><br/>La experiencia periodística del autor se deja ver a lo largo de la obra en descripciones bien logradas de círculos y asociaciones poco comunes.<br/><br/>El primer tercio del libro puede llegar a ser complicado por la cantidad de personajes, pero nada que demerite la historia.<br/><br/>No es que le sobren párrafos, sino que algunos son según mi opinión: muy <i>rocambolescos</i>.<br/><br/>Nota para la primera edición en español (Planeta, obviamente): a pesar de las recientes libertades que la RAE otorga a la falta de tildes (como <i>éste</i> como sustantivo o <i>sólo</i> en donde la tilde es opcional dado el contexto) tiene más errores de ortografía y algún <i>typo</i> que los que esperaba de una editorial de este tamaño.",,,1,0
17937626,Dreamers: La lucha de una generación por su sueño americano (Spanish Edition),Eileen Truax,"Truax, Eileen",,"=""6078303139""","=""9786078303137""",4,4.05,Oceano,Paperback,244,2013,2013,2015/04/10,2013/08/01,,,read,,,,1,0
1796324,El hombre que sólo amaba los números,Paul Hoffman,"Hoffman, Paul",,"=""8475778313""","=""9788475778310""",5,4.05,GRANICA,Paperback,296,2012,1998,,2015/04/10,,,read,,,,1,0
1803369,Mañana en la batalla piensa en mí,Javier Marías,"Marías, Javier",,"=""9875662550""","=""9789875662551""",4,3.96,DEBOLSILLO,Paperback,359,2014,1994,2013/09/11,2013/08/02,,,read,"Muy bueno. Impresionante cómo el autor maneja tantas ideas en una sola oración (a veces kilométrica) sin perder ni marear al lector. Aunque hubo una parte que no entendí por completo el papel dentro de toda la historia, es lo de menos.<br/><br/>Por cierto, la escena donde conoce al ""Only the Lonely"" es magistral en muchos sentidos.",,,1,0
23588880,Después del invierno,Guadalupe Nettel,"Nettel, Guadalupe",,"=""843399784X""","=""9788433997845""",3,3.77,Anagrama,Paperback,272,2014,2014,2015/03/02,2015/02/19,,,read,,,,1,0
87819,La ciudad de los prodigios,Eduardo Mendoza,"Mendoza, Eduardo",,"=""""","=""""",3,3.86,Círculo de Lectores,Hardcover,429,1987,1986,2015/02/15,2015/01/11,,,read,"Impresionante cantidad de información sobre los orígenes de Barcelona del sXX, la historia es buena.",,,1,0
8062894,Dime quién soy,Julia Navarro,"Navarro, Julia",,"=""8401337550""","=""9788401337550""",4,4.38,Plaza & Janes Editores,Hardcover,1104,2010,2010,2015/01/11,2014/10/08,,,read,La historia es muy buena aunque puede cansar un poco el cambio de narrador.,,,1,1
15919551,El desencanto de las sombras (Spanish Edition),Eva Leticia De Sánchez,"Sánchez, Eva Leticia De",,"=""6074803048""","=""9786074803044""",0,3.86,Ediciones B,Paperback,202,2012,2012,,2014/11/25,currently-reading,currently-reading (#8),currently-reading,,,,1,0
1030777,Abril rojo,Santiago Roncagliolo,"Roncagliolo, Santiago",,"=""8466369309""","=""9788466369305""",0,3.67,Punto de Lectura,Mass Market Paperback,336,2007,2002,,2014/09/10,currently-reading,currently-reading (#7),currently-reading,,,,1,0
2258362,The Shipkiller,Justin Scott,"Scott, Justin",,"=""0803779496""","=""9780803779495""",4,3.87,Dial Press,Hardcover,340,1978,1978,2014/07/02,2014/06/29,"kindle, hardcover","kindle (#3), hardcover (#1)",read,"One of the best books I've ever read about a man and the sea, about sailing. Even more: about modern sailing (after being marked by old classics). <br/><br/>Story is great (the end is too predictable), but what stands further is the author's knowledge about open sea one-man sailing, and how vivid he writes all those experiences.<br/><br/>He might use a bit too many metaphors like '<i>the wave was coming directly to him, as a unstoppable train</i>' [I'm creating an example here, not quoting] which at some point, one after another, become too much.",,,1,0
25179,Blankets,Craig Thompson,"Thompson, Craig",,"=""1891830430""","=""9781891830433""",0,4.06,Top Shelf Productions,Paperback,582,2003,2003,,2014/06/22,to-read,to-read (#14),to-read,,,,0,0
12712070,"La mala mujer (Moisès Corvo, #1)",Marc Pastor,"Pastor, Marc",,"=""""","=""9788498674620""",4,3.48,RBA,Paperback,256,2009,2008,2014/01/06,2014/01/06,kindle,kindle (#1),read,"Increíble historia muy bien escrita, no tarda en engancharte. Me encantó la figura y perspectiva de la voz narradora, un buen <i>twist</i> a la voz omnipresente.<br/><br/>Negra como una historia de vampiros (reales o no) debe de ser, sin exageraciones.<br/><br/>Fue un gran gusto volver a caminar por Barcelona, acá, la Barcelona de principios de siglo XX.",,,1,0
426,We Tell Ourselves Stories in Order to Live: Collected Nonfiction,Joan Didion,"Didion, Joan",John Leonard,"=""0307264874""","=""9780307264879""",0,4.44,Everyman's Library,Hardcover,1122,2006,2006,,2014/05/21,to-read,to-read (#13),to-read,,,,0,0
12994927,Canción de tumba,Julián Herbert,"Herbert, Julián",,"=""8439725604""","=""9788439725602""",0,3.95,Literatura Mondadori,,208,2011,2011,,2014/05/04,"currently-reading, kindle","currently-reading (#6), kindle (#2)",currently-reading,,,,1,0
8120173,The Book Thief,Markus Zusak,"Zusak, Markus",,"=""""","=""""",0,4.39,Knopf Books for Young Readers,Kindle Edition,554,2007,2005,,2014/01/21,to-read,to-read (#10),to-read,,,,0,0
6860662,Diario de Oaxaca: A Sketchbook Journal of Two Years in Mexico,Peter Kuper,"Kuper, Peter",Martín Solares,"=""1604860715""","=""9781604860719""",0,3.88,PM Press,Hardcover,208,2009,2009,,2014/04/29,to-read,to-read (#12),to-read,,,,0,0
2418915,El cuento de la isla desconocida,José Saramago,"Saramago, José",,"=""8466318461""","=""9788466318464""",2,3.92,Punto de Lectura,Hardcover,80,2008,1997,2014/02/02,2014/02/03,,,read,Bonito pero simplón.,,,1,0
2213661,The Graveyard Book,Neil Gaiman,"Gaiman, Neil",Dave McKean,"=""0060530928""","=""9780060530921""",0,4.16,HarperCollins,Hardcover,312,2008,2008,,2014/04/07,to-read,to-read (#11),to-read,,,,0,0
16175078,Fallas de origen,Daniel Krauze,"Krauze, Daniel",,"=""9786070714""","=""""",4,3.64,Editorial Planeta Mexicana,Hardcover,251,2012,2012,2014/04/07,2014/04/07,,,read,"Bien escrito y editado.<br/><br/>[Con respecto a otros comentarios aquí mismo] Sí, es una crítica (y aunque sí: hay muchas, ésta es bastante puntual); sí, no abarca toda la sociedad nacional; sí, cae en clichés y lugares comunes; sí, le sobran un par de escenas y/o las desaprovecha hacia el desenlace,…<br/><br/>Pero es un buen libro.<br/><br/>Me gusta mucho cómo construye la historia aunque sí creo que al desenlace le falta algo, no sé, probablemente <i>fuerza</i> más obvia para corresponder al vértigo de páginas anteriores. Las líneas sobre las que va construyendo son fuertes y la forma de hacerlo es brutalmente honesta; la relación con el padre y la familia, el encuentro con viejas amistades, el choque en seco con una ciudad de la que se quiso ir y los excesos que de todo este desmadre es como una terapia de choque contra síndrome de Ulises tras su autoexilio.<br/><br/>Es muy atinado en observaciones (que pueden incluso pasar desapercibidas por no ser mencionadas textualmente) sobre la sociedad hacia quien dirige la crítica (para tantos tan cercana y a veces obvia).<br/><br/>Otro tema que me gustó mucho es el [<i>buen</i>] uso de un lenguaje tan natural y obviamente <i>florido</i> muy bien llevado. Palabras que leídas de otra forma, sin ese contexto cuidado o un poco más encimadas provocarían un sensación de exceso que en este libro no sentí. <br/><br/>Y con esto (buena pluma, lenguaje bien llevado y honestidad) la historia transcurre creíble al ser narrada tal y como <i>en realidad</i> (o ficción) <i>sucede</i>.",,,1,0
6050317,Balas de plata,Élmer Mendoza,"Mendoza, Élmer",,"=""9871210809""","=""9789871210800""",4,3.52,Tusquets editores,Paperback,256,2008,2008,2014/02/03,2014/01/21,,,read,"De esos libros que hacen se merecen ese medio punto que no es opción aquí: 3.5.<br/><br/>Buena novela, los personajes principales están muy bien logrados, el ambiente es muy bueno, pero a veces me perdía entre tanto nombre de personaje secundario.<br/><br/>Me dio gusto (literariamente hablando) encontrar una buena novela policiaca en medio de tanto desmadre y tan complicado en el norte del país (tristeza en la realidad).<br/><br/>Me iré con cuatro estrellas pues las últimas 50 páginas me atraparon al grado de quedarme despierto hasta muy tarde para acabarlo de una vez.",,,1,0
8607770,El Cantar de los Cantares: Una aproximación de José Emilio Pacheco,José Emilio Pacheco,"Pacheco, José Emilio",,"=""6074450080""","=""9786074450088""",5,4.13,El Colegio Nacional / Ediciones Era,Paperback,48,2009,2009,2013/08/24,2014/01/29,,,read,"El sólo prólogo, del mismo Pacheco, valdría la pena de comprarlo, pero después de leer el prólogo no hay opción de no leer todo el poema ya con nuevos ojos.",,,1,0
4924574,El Ladron De Arte,Noah Charney,"Charney, Noah","Diego Friera, Jose Diez","=""8432231827""","=""9788432231827""",2,3.07,Planeta Publishing,Paperback,384,2008,2007,2011/01/04,2014/01/04,,,read,"La historia es mala, las conversaciones son poco creíbles, los personajes son completamente inverosímiles,… pero… lo que deja al final del mundo del arte (submundo de la policía del arte) puede hasta cierto punto valer la pena.",,,1,0
11023952,Los enamoramientos,Javier Marías,"Marías, Javier",,"=""8420407135""","=""9788420407135""",0,3.55,Alfaguara,Paperback,401,2011,2011,,2014/01/02,currently-reading,currently-reading (#5),currently-reading,,,,1,0
5987468,"Los hombres que no amaban a las mujeres (Millennium, #1)",Stieg Larsson,"Larsson, Stieg",,"=""8423340449""","=""9788423340446""",4,4.17,Destino,Paperback,672,2008,2005,2011/04/14,2011/04/06,,,read,,,,1,0
4469577,"El hombre sonriente (Kurt Wallander, #4)",Henning Mankell,"Mankell, Henning",,"=""8483835231""","=""9788483835234""",3,3.95,TusQuets,Mass Market Paperback,476,2008,1994,2012/07/21,2012/07/22,,,read,A veces un poco 'demasiado largo' para conectar un punto con el siguiente de la historia. Pero bien cuadrada y sin cabos sueltos.,,,1,0
13459157,Damas de caza,Alma Delia Murillo,"Murillo, Alma Delia",,"=""""","=""""",4,3.94,PLAZA Y VALDES,Paperback,100,2011,2011,2013/10/29,2013/09/26,,,read,,,,1,0
125502,What I Loved,Siri Hustvedt,"Hustvedt, Siri",,"=""""","=""""",4,4.08,Sceptre (Hodder and Stoughton),Paperback,370,2003,2002,,2011/04/06,,,read,,,,1,0
12547242,Ella era Hemingway / No soy Auster,Enrique Vila-Matas,"Vila-Matas, Enrique",,"=""8461249739""","=""9788461249732""",3,3.40,Alfabia,Paperback,40,2008,2008,,2013/09/26,,,read,,,,1,0
9813833,París no se acaba nunca,Enrique Vila-Matas,"Vila-Matas, Enrique",,"=""8433972677""","=""9788433972675""",0,3.78,Anagrama,Paperback,240,2009,2003,,2013/09/26,currently-reading,currently-reading (#4),currently-reading,,,,1,0
248322,The Liar,Stephen Fry,"Fry, Stephen",,"=""0099457059""","=""9780099457053""",0,3.65,Arrow,Paperback,390,2004,1991,,2013/08/01,to-read,to-read (#9),to-read,,,,0,0
592310,Alta infidelidad (Spanish Edition),Rosa Beltrán,"Beltrán, Rosa",,"=""9707706538""","=""9789707706538""",3,3.31,Alfaguara,Paperback,260,2006,2006,,2011/06/13,,,read,,,,1,0
11145997,A pie / On Foot (Pleamar) (Spanish Edition),Luigi Amara,"Amara, Luigi",,"=""6074110360""","=""9786074110364""",4,3.98,Editorial Almadia,Paperback,112,2009,2010,,2011/04/18,,,read,,,,1,0
102719,Atlas de geografía humana,Almudena Grandes,"Grandes, Almudena",,"=""8422675692""","=""9788422675693""",0,3.78,Círculo de Lectores,Paperback,478,1999,1998,,2013/06/24,currently-reading,currently-reading (#3),currently-reading,,,,1,0
8814834,Historia de un crimen perfecto (Spanish Edition),Mikel Santiago,"Santiago, Mikel",,"=""""","=""""",3,3.67,"Smashwords, Inc.",Kindle Edition,47,2012,2010,2013/03/21,2013/03/20,,,read,"Lectura sencilla, rápida y entretenida (y a buen precio!). <br/><br/>Bien narrada, aunque una vez construida la trama, el desenlace aunque no es necesariamente obvio, no termina de sorprender.<br/><br/>Desde las primeras líneas, el narrador no deja lugar a dudas al mismo tiempo que con una frase empieza a cautivar al lector ""Yo la maté"", (guardando las distancias y obvias diferencias, como El Túnel o Roger Ackroyd).<br/>",,,1,0
9717,The Unbearable Lightness of Being,Milan Kundera,"Kundera, Milan","Michael Henry Heim, Richmond Hoxie","=""0571224385""","=""9780571224388""",3,4.11,Harper Perennial,Paperback,314,2009,1984,2013/03/20,2011/05/14,,,read,,,,1,0
14357459,"My Bookstore: Writers Celebrate Their Favorite Places to Browse, Read, and Shop",Ronald Rice,"Rice, Ronald",Leif Parsons,"=""1579129102""","=""9781579129101""",0,3.87,Black Dog & Leventhal,Hardcover,378,2012,2012,,2013/03/13,to-read,to-read (#8),to-read,,,,0,0
10851749,Dos Caminos,Paul Medrano,"Medrano, Paul",,"=""""","=""""",4,4.50,,ebook,102,,2010,2013/03/11,2013/03/13,,,read,"Un punto de vista diferente al de los medios con respecto a la guerra del narco en México, vista desde diferentes <i>adentro</i>. Coquetea con la realidad de una manera arriesgada pero precisa.<br/><br/>El uso de diferentes voces y formatos para narrar la historia es muy bien logrado.",,,1,0
7955146,Los detectives salvajes,Roberto Bolaño,"Bolaño, Roberto",,"=""9589909116""","=""9789589909119""",4,4.17,Anagrama,Paperback,622,2009,1998,,2011/04/06,,,read,,,,1,0
6518783,El viajero del siglo,Andrés Neuman,"Neuman, Andrés",,"=""607110226X""","=""9786071102263""",0,3.83,Alfaguara,Paperback,544,2009,2009,,2013/01/14,currently-reading,currently-reading (#1),currently-reading,,,,1,0
16161136,El tango de la Guardia Vieja,Arturo Pérez-Reverte,"Pérez-Reverte, Arturo",,"=""8420413097""","=""9788420413099""",4,3.87,Alfaguara,Paperback,497,2012,2010,2013/01/11,2012/12/17,,,read,,,,1,0
11363624,El ruido de las cosas al caer,Juan Gabriel Vásquez,"Vásquez, Juan Gabriel",,"=""9587581458""","=""9789587581454""",4,3.83,Alfaguara,Paperback,272,2011,2011,2012/11/22,2012/10/26,,,read,,,,1,0
1618,The Curious Incident of the Dog in the Night-Time,Mark Haddon,"Haddon, Mark",,"=""1400032717""","=""9781400032716""",3,3.89,Vintage,Paperback,226,2004,2003,2012/10/26,2012/10/10,,,read,,,,1,0
13613446,Plegarias nocturnas,Santiago Gamboa,"Gamboa, Santiago",,"=""8439725574""","=""9788439725572""",4,4.04,Mondadori,Paperback,286,2012,2012,,2012/10/10,,,read,,,,1,0
237209,"In the Woods (Dublin Murder Squad, #1)",Tana French,"French, Tana","David Nathan, Isabel Margelí Bailo, Ulrike Wasel, Klaus Timmermann","=""0670038601""","=""9780670038602""",0,3.79,Viking,Hardcover,429,2007,2007,,2012/09/24,to-read,to-read (#7),to-read,,,,0,0
69260,"La leona blanca (Wallander, #3)",Henning Mankell,"Mankell, Henning",Carmen Montes Cano,"=""9871210035""","=""9789871210039""",3,3.87,TusQuets,Paperback,502,2005,1993,2012/07/17,2012/07/17,,,read,"Un poco demasiado largo en varios capítulos. Interesante el viaje a Sudáfrica pero llega a ser un poco más descriptivo en situaciones y personajes, de lo necesario. Aunque la historia es bastante buena.",,,1,0
13276649,Elogio del insomnio (Spanish Edition),Alberto Ruy-Sánchez,"Ruy-Sánchez, Alberto",,"=""6071112907""","=""9786071112903""",4,3.57,Alfaguara,Paperback,184,2011,2011,2012/07/03,2012/02/15,,,read,,,,1,0
156678,"Asesinos sin rostro (Wallander, #1)",Henning Mankell,"Mankell, Henning",Amanda Monjonell Mansten,"=""8483101599""","=""9788483101599""",4,3.76,Tusquets,Paperback,312,2001,1991,,2012/07/02,,,read,,,,1,0
11924466,"El verano de los juguetes muertos (Inspector Salgado, #1)",Toni Hill,"Hill, Toni",,"=""8499891047""","=""9788499891040""",4,3.70,DeBolsillo,Mass Market Paperback,368,2011,2011,2012/06/21,2012/06/26,,,read,"Buen descubrimiento. Novela policiaca sin más. Bien escrita, sin cabos sueltos y muy buena historia. La línea se aboca exclusivamente a los hechos, sin teorías de conspiración (plaga en estos días), con personajes muy bien logrados. Gran final.",,,1,0
207203,The Adventures of a Cello,Carlos Prieto,"Prieto, Carlos","Álvaro Mutis, Elena C. Murray","=""0292713223""","=""9780292713222""",4,3.67,University of Texas Press,Hardcover,350,2006,1998,2012/06/26,2012/02/15,,,read,,,,1,0
432,"City of Glass (The New York Trilogy, #1)",Paul Auster,"Auster, Paul",,"=""0140097317""","=""9780140097313""",2,3.77,Penguin Books,Paperback,203,1987,1985,2012/03/25,2012/06/26,,,read,,,,1,0
13457067,Todo lo que tengo lo llevo conmigo,Herta Müller,"Müller, Herta",,"=""""","=""""",0,3.90,,,,,2009,,2012/02/15,to-read,to-read (#6),to-read,,,,0,0
1562100,"Cinco mil años de palabras: comentarios sobre el origen, evolución, muerte y resurrección de algunas lenguas",Carlos Prieto,"Prieto, Carlos",,"=""9681674936""","=""9789681674939""",5,4.10,Fondo de Cultura Economica,Paperback,274,2005,2005,,2012/02/15,,,read,,,,1,0
726248,Últimas tardes con Teresa,Juan Marsé,"Marsé, Juan",,"=""""","=""""",0,3.81,European Schoolbooks,Paperback,470,2005,1966,,2011/04/18,to-read,to-read (#3),to-read,,,,0,0
101094,The Famished Road,Ben Okri,"Okri, Ben",,"=""0385425139""","=""9780385425131""",0,3.73,Anchor Books,Paperback,512,1993,1991,,2011/10/27,to-read,to-read (#5),to-read,,,,0,0
75515,La plaça del Diamant,Mercè Rodoreda,"Rodoreda, Mercè",,"=""8485952316""","=""9788485952311""",0,3.82,Club Editor Kapel,Paperback,159,1984,1962,,2011/04/06,to-read,to-read (#1),to-read,,,,0,0
1390442,Blue Pills:  A Positive Love Story,Frederik Peeters,"Peeters, Frederik",Anjali Singh,"=""061882099X""","=""9780618820993""",4,4.02,Houghton Mifflin Harcourt,Hardcover,192,2008,2001,2011/02/13,2011/06/02,,,read,,,,1,0
2892624,Road Story,Alberto Fuguet,"Fuguet, Alberto",Gonzalo Martínez,"=""9562395383""","=""9789562395380""",3,3.02,Alfaguara,Paperback,132,2007,2007,,2011/06/02,,,read,,,,1,0
6892870,"The Girl Who Kicked the Hornet’s Nest (Millennium, #3)",Stieg Larsson,"Larsson, Stieg",Reg Keeland,"=""030726999X""","=""9780307269997""",4,4.24,Knopf,Hardcover,566,2010,2007,2011/06/01,2011/05/15,,,read,,,,1,0
11367060,La pieza del fondo,Eugenia Almeida,"Almeida, Eugenia",,"=""9876280988""","=""9789876280983""",3,3.90,EDHASA,Paperback,250,2010,2007,,2011/05/14,,,read,,,,1,0
5060378,"The Girl Who Played with Fire (Millennium, #2)",Stieg Larsson,"Larsson, Stieg",Reg Keeland,"=""0307269981""","=""9780307269980""",4,4.25,Alfred A. Knopf,Hardcover,503,2009,2006,2011/05/14,2011/05/02,,,read,,,,1,0
5085644,Lo Que La Ciudad Esconde,Pablo Caralps,"Caralps, Pablo",,"=""8427034326""","=""9788427034327""",2,2.44,Ediciones Martínez Roca,Hardcover,352,2008,,2011/03/09,2011/04/12,,,read,"Palomero. Rápido. Teorías de conspiración, escrito decentemente (aunque con errores MUY raros de redacción).",,,1,0
2544232,Si te dicen que caí,Juan Marsé,"Marsé, Juan",,"=""8401428149""","=""9788401428142""",0,3.70,"Plaza & Janes Editores, S.A.",Paperback,320,1993,1973,,2011/04/18,to-read,to-read (#4),to-read,,,,0,0
291494,Tokio Blues,Haruki Murakami,"Murakami, Haruki",,"=""9871210191""","=""9789871210190""",4,4.01,TusQuets,Paperback,0,2015,1987,,2011/04/18,,,read,"Goes with 4 instead of 3 stars, I don't know, maybe because I remember thinking somewhere around pg 90 ""man, I still have no idea what this goes about, but its kind of magic, I can't stop reading"". Liked it.",,,1,0
54076,El pintor de batallas,Arturo Pérez-Reverte,"Pérez-Reverte, Arturo",,"=""9870403409""","=""9789870403401""",4,3.65,Alfaguara,Paperback,304,2006,2006,,2011/04/18,,,read,,,,1,0
87186,Territorio comanche,Arturo Pérez-Reverte,"Pérez-Reverte, Arturo",,"=""8422653184""","=""9788422653189""",5,3.87,"Círculo de Lectores, S.A.",Hardcover,128,1995,1994,,2011/04/18,,,read,,,,1,0
7726734,Cien años de soledad,Gabriel García Márquez,"Márquez, Gabriel García",,"=""987070042X""","=""9789870700425""",4,4.11,Editorial Sudamericana,Hardcover,510,2007,1967,,2011/04/18,,,read,,,,1,0
7775914,Seda,Alessandro Baricco,"Baricco, Alessandro",,"=""8493480118""","=""9788493480110""",4,3.85,Rinoceronte,Paperback,114,2006,1996,,2011/04/18,,,read,,,,1,0
8145620,Océano mar,Alessandro Baricco,"Baricco, Alessandro","Xavier González Rovira, Carlos Gumpert","=""""","=""""",5,4.09,Anagrama,Paperback,240,2007,1993,,2011/04/18,,,read,,,,1,0
3239549,La emperatriz de Lavapiés,Jorge F. Hernández,"Hernández, Jorge F.",,"=""9681905083""","=""9789681905088""",0,3.73,Punto de Lectura,Paperback,328,2016,2011,,2011/04/18,to-read,to-read (#2),to-read,,,,0,0
6593980,Roberto Bolaño: The Last Interview and Other Conversations,Roberto Bolaño,"Bolaño, Roberto","Mónica Maristain, Marcela Valdes, Sybil Perez, Tom McCartan","=""1933633832""","=""9781933633831""",4,3.88,Melville House,Paperback,123,2009,2009,,2011/04/06,,,read,,,,1,0
11024320,Crímenes Pitagóricos,MIJAILIDIS TEFCROS,"TEFCROS, MIJAILIDIS",,"=""8492429453""","=""9788492429455""",3,2.88,ROCA EDITORIAL,Paperback,200,2009,2008,2011/03/15,2011/04/06,,,read,"Lo que más disfruté del libro fue el recordar tiempos de estudiante de matemáticas.<br/><br/>La historia es buena y ya. Pero la realización y el cómo los personajes y hechos se mezclan en la historia (del arte y las matemáticas) está bien hecho. Buena e importante parte de la historia gira alrededor de la conferencia de <a href=""http://es.wikipedia.org/wiki/David_Hilbert"">David Hilbert</a> cuando un alumno de Göttingen asiste al congreso de Paris en 1900. <br/><br/>Ameno.",,,1,0
1783858,Castillos de cartón,Almudena Grandes,"Grandes, Almudena",,"=""9509779717""","=""9789509779716""",3,3.86,TusQuets,Paperback,,2004,2004,2011/03/09,2011/04/06,,,read,,,,1,0
